degree,symbol,meaning
1,海から現れる女性、アザラシも彼女を抱きしめる,苦悩、葛藤、障害、環境変化、方向転換
2,グループを楽しませているコメディアン,ユーモア、客観性、自己観察、現実との向き合い、新たな状況
3,カメオに彫られた男の肖像が国を象徴する,象徴的な人物、成功者、地位の確立、大きな可能性
4,人目を忍んで散歩をする恋人たち,生命の燃焼、愛情問題、カルマによる関係
5,羽根の生えた三角形,白昼夢、非現実性、現実逃避、社会不適応、浄化
6,一辺が光り輝く四角形,強引さ、実行力、リーダーシップ、変化する力、新しいものへの意欲
7,同時に2つの領域で巧みに表現する男性,分離、別離、絶望、中止、辞退、不正
8,東風に揺れるリボンのついた大きな帽子,保護、防御、安全志向、過敏、インスピレーション
9,水晶占い師,思考の構築、全体像の把握、先見性
10,古い象徴の新しい形を教える男性教師,方向転換、混乱の収拾、挫折、新しい視野
11,国の支配者,権力、管理、指導、保守、強いエゴ
12,野鴨の群れ,想像、表現、探求、技術、専門分野
13,不発弾,不満、抑圧、急な行動、上昇志向、新企画
14,男女のそばでとぐろを巻く蛇,争い、不仲、否定、感情的な衝突、ネガティブ思考
15,毛布を編むインディアン,社会的目標の達成、精神的な強さ、生活力、プレッシャー
16,日没の光の中で踊る精霊,生命の活性化、生きる喜び、励まし、セラピー
17,人の堅苦しい未婚の高齢女性,気持ちの落胆、生命力の低下、心の病、平凡な生活
18,空のハンモック,堅実な生活、金銭へのこだわり、ありふれた願望、政治力
19,魔法のじゅうたん,価値観の変化、新たなビジョン、夢、幻想
20,冬に鳥に餌を与える少女,慈愛、奉仕、献身、助けること、助けられること
21,リングに上がる拳闘士,戦闘、行動、活力、男性的、理想の追求、幸運
22,願望の庭へと続く門,忍耐を強いられること、挫折、心配、一般的な生活
23,重くて価値があるがベールに包まれた荷物を運ぶ淡い色の服を着た女性,努力による到達、ある程度の成功、社会的に認められること
24,風が吹き込み、開かれた窓のカーテンが豊穣の角の形になる,幸福、祝福、充実した生活、高次元の力
25,二重の約束,専門、才能、芸術、職人的、個性
26,持ちきれないほどの贈り物を所有する男性,大きな可能性、裕福、社会的な成功、特別な目的
27,想像の中で復活する失われた機会,再スタート、方向転換、困難の克服、カルマの解消
28,落胆した大観衆,混乱、思い込み、失敗、反省の必要性
29,歌を歌う天空の合唱団,啓示、直感、自己実現、新たな世界への興味
30,アヒルの池とそのヒナたち,特定のものに対する集中、安定した生活の実現
31,清らかな山の小川,運命の変化、激動の人生、予想外の成功
32,電磁波の嵐,突然の不幸、事故、カルマ、過去からの脱却
33,クローバーが咲く芝生に足を踏み入れる,自然に生きる、運命に逆らわない、順応、ある程度の目標達成
34,虹の端にある金の壷,魂の交流、金、文化、教育、メディア、芸能、IT、宗教、精神世界
35,開かれた墓の前に立つ未亡人,過去からの脱却、新たな出発、役割の放棄
36,渓谷にかけられた建設中の橋,分裂、別離、新たな道、困難の克服
37,サマリアの女,覚醒、深い意識、未知の世界、新たな存在、魅力的
38,雪と共にないソリ,幸せな生活、話題の中心、人気、夢の実現
39,飾られたクリスマスツリー,再スタートの必要、ネガティブな体験、精神的な鍛錬
40,赤十字の看護師,慈悲、協調、人間性の尊重、助けること、助けられること
41,花に水をあげる女性,エゴによる成長、エゴから学ぶ人生、自己脱皮
42,ウィンドウショッピングをする人々,社会的願望の達成、地位の獲得、成功、企画と将来像
43,荷物を運ぶ男性,権力への屈服、強い圧力、運命に従うことの苦しみ
44,模索している貝殻と遊んでいる子供たち,活力のある人生、明るさ、人気、芸能、良い人間関係
45,マフラーと粋なシルクハットを身に着けた男性,地位の喪失、失脚、転落、逆境
46,神秘を暴くのために無駄な努力をする老齢の男性,先駆者、変化、未曾有の状況、長期的な抑圧
47,剣とたいまつの象徴的な戦い,新たな価値観、目的の追求、上昇、献身的
48,バッグを窓から外に出している女性,自我の挫折、物質的な諦め、過去世の清算
49,大洋から浮上する新大陸,新たなチャンス、自己実現、情報、教育
50,雲を作り流していく風,幸運、名声、高い評価、霊的な充足、未知の世界
51,開いた本を指し示す指,理想への熱中、人生における破壊と創造
52,荒れた水の上を飛ぶ白い鳩,トラブル時の自分を信じる力、強さへの試練、信仰、使命
53,宝石店,社会的地位の獲得、才能が認められること
54,骸骨の締め具をつけて馬にまたがっている男性,戦闘、サバイバル、至急解決する必要のあること
55,広大で手入れの行き届いた公共の公園,安定した生活、専門知識の習得、常識からの脱却
56,愛する人にセレナーデを歌うスペイン人,役割の遂行、組織の歯車、義務と責任
57,ビーズを売るインディアンの女性,芸術的な才能、華やかな生活への憧れ
58,成熟したロマンスによって求められた女性,熱狂、集中、霊的な意識、常軌を逸した生活、再スタート
59,テーブルの前の2人の靴職人,人間の二面性、裏切り、悲しみ、高次元のエネルギー
60,古い芝地を行進する孔雀,遺伝、家系、持って生まれた素質
61,静かな水に浮くガラス底のボート,新たな世界への好奇心、新たな人間関係、知的な発展
62,こっそりと靴下にプレゼントを入れるサンタクロース,純真無垢、心からの喜び、無知、失敗、挫折
63,テュイルリー庭園,保身、打算、計画、戦略、政治、社会性
64,ヒイラギとヤドリギ,懐かしむ気持ち、感傷的、悲哀、心理
65,過激な雑誌,体制の変更、根本的な環境変化、新たな状況の渇望
66,石油の掘削,能力の発揮、社会的地位の獲得、利益、権力
67,古臭い井戸,才能、純粋、恋、夢の実現、幸運
68,産業労働者のストライキ,争い、対立、分裂、暴力、カルマ、心霊的な危険
69,矢でいっぱいの矢筒,問題の解決、困難の克服、援助の必要性
70,急降下する飛行機,人生の賭け、リスクを冒しての成功、大胆な行動力
71,経験に基づいた現実主義の新たな道,チャンスの活用、成功、情熱、自己実現
72,生意気に自己主張をする少女トプシー,過去の清算、新たな時代、新たな価値観
73,偉大なピアニストの演奏会,優れた才能や技術、豊かな発想力、名声の獲得
74,テレパシーによる会話,人類の叡智、霊能力、克己心、行動力
75,お喋りをしている2人のオランダ人の子供,好意的、友人、援助者、連帯感、希望
76,熱弁する女性参政権活動家,特定のものに対する集中、自己主張、支配願望
77,成熟した大人の思考へと変わる若者の思考,思考の発展、精神的な苦悩、責任、リーダーシップ
78,中国語を話す2人の中国人男性,叡智からの学び、仕事への注力、技術の習得、研究や探求
79,多数の古典書物,専門知識、特殊技能、研究、学問、宇宙論
80,カフェテリア,消耗、空虚、疲労、忍耐、限定的な環境
81,労働者のデモ,感情の爆発、自由への渇望、改善、革命、破壊
82,民族舞踊,生命力、楽しみ、自然の恵み、社会への参加
83,木の高いところにある巣の中の3羽の雛,新しい状況の必要性、変化、別離、決断
84,氷上でスケートをする子供たち,精神的な成長、逆境を生き抜く力、制限されている環境
85,ヤシの木を刈る男性,成功、成長、発展、拡大、能力、技術
86,森の中にある冬霜,厳しい現実、苦い経験、物事の本質の認知
87,森から現れるジプシー,自己実現、文化的な才能、社会的な可能性、幸運な人生
88,破産宣告された男性,破産、倒産、経済的な困難、過去からの脱却
89,春を告げるモッキンバード,創造力、芸術性、生活の潤い、安定志向
90,水浴びをする美女たち,特別な才能、社会的な成功、人気者
91,巻かれたり広げられたりする船の旗,カルマの経験、困難の乗り越え、失敗からの学び、新たな道
92,広大な場所の上に吊るされた男性,飛躍、地位の獲得、漠然とした不安、精神的な重圧
93,毛深い鹿を先導する毛皮に包まれた男性,孤立、疎外、抑圧、受難、トラブル、過酷な環境
94,ネズミと口論する猫,言い争い、喧嘩、不和、エゴの浄化、感情の昇華
95,電車に破壊された自動車,環境の不一致、自我の敗北、挫折、忍耐
96,巣を作る猟鳥,新たな生き方、環境の変化、冒険、別れ
97,月明かりの夜の2人の妖精,不思議な力、霊感、ポリシーの決定、別離、絶望
98,服を着てパレードするウサギたち,模倣による習得、不慣れな経験、未知への挑戦
99,魚を捕まえようとして水の中に手を伸ばす小さな女の子,理解、吸収、知的な進歩、社会性、精神性
100,完全にはカットされていない大きなダイヤモンド,目的に対する情熱、強引な実行力、挫折の乗り越え
101,しかめっ面をするピエロ,変化への対応、立場の維持、指導的役割
102,メッセージを持った赤ちゃんの世話をする中国人女性,知的な探求心、研究、調査、学習、集中
103,特徴のある親指で少し曲げられた手,ネガティブな決断、精神的な緊張、苦しみ、死
104,北東の大きくて暗い空間に向いている老人,ライフワーク、名声、真理の探究、最後まで連れ添う人
105,食べ過ぎながら楽しんでいる人たちのグループ,経済的な豊かさ、財産、利益の追求
106,広場の前で手書きの巻物を広げる男性,落ち込み、価値観の内省、精神的な障害
107,知識と生命に成長する胚芽,可能性の追求、自己革新、自由、解放
108,雛鳥のために土をほじくる雌鳥,平均的な生活、生活の義務、家庭
109,結婚式を執り行う司祭,社会的な認知、名声、成功、結婚、未知
110,セレナーデを歌うゴンドラ乗り,幸運、至福、成功、素晴らしい人生
111,歌っている有名な女性オペラ歌手,社会的な成功、満足、行動力、冷静さ
112,ヨットを待っている女性,未達成、挫折、失敗、逆境、苦境、我慢
113,文学界の集まり,社会的な認知、学問、研究、幸運
114,南向きの日が差す場所に立つ1人の女性と2人の男性,相互依存、狭い視野、狭い環境、家庭内
115,右肩越しに突然投げられたマントまたは黒い影,才能の発揮、専門技術の習得、己の哲学
116,豪華さに満足と幸福を感じて長机の上で読書をする人々,経済的な豊かさ、利益の追求、援助、スポンサー
117,渓谷での嵐,不幸、争い、圧迫、逆境、カルマに起因する現実
118,現代の少女ポカホンタス,環境の変化、運命の変化、混乱、動揺、失敗
119,双子の体重を量るミューズ,思考力の発達の必要性、理性と感情、選択
120,アメリカ独立戦争の娘,保守的な生き方、自己確立、伝統回帰、通常の生活
121,脳溢血の症例,危険、危機、冒険、悲しみ、使命の確認
122,おたふく風邪の流行,危険の拡大、過去からの脱却、カルマの清算
123,髪型をボブにした女性,立場の喪失、辞職、独立、厳しい現実
124,正装した男性と角を刈られた鹿,自己主張、個人行動、パワフル、才能、成功
125,絶壁の端にある岩の形,苦しみ、非情、冷たい現実、変化の必要性
126,古風な女性と現代的な少女,社会との関わり、仕事、生活のための戦い
127,夜空の星座,真理の探究、精神性の重視、未知の方向、名声の獲得
128,革命思想を広める活動家,人気、強い自我、破壊と創造、変革、新たな状況
129,ガラス吹き職人,苦難の乗り越え、やり直し、再出発、新しい生活、魂の復活
130,早朝の露,試練、苦しみの克服、精神的な成長、自己理解
131,大きな樫の木にぶら下がっているブランコで遊ぶ子供たち,環境への気配り、思い込み、葛藤、克服
132,夕方のガーデンパーティー,エリート、優雅、余暇、娯楽、人間関係
133,揺れている年老いた船長,自己実現、成功、困難の乗り越え、苦労人、自信の獲得
134,表現の機会を待っている人間の魂,チャンスの活用、成功、名声、人気、仕事、行動力
135,山車,成功、願望の達成、充実した生活、良きパートナー
136,嵐の後の日差し,危機の乗り越え、立場の確立、大きな仕事
137,ベストを着ていない聖歌隊,集団への献身、組織の目的、個の犠牲、ボランティア
138,化学の教師,研究、探求、体系的な法則、専門知識、集中力
139,ハウスボートパーティー,立場の喪失、失脚、挫折、苦悩、新たな世界
140,ズニ族の太陽崇拝者,社会的な認知、人気や名声の獲得、成功、至福
141,興奮してめまいを起こした鶏,強力な破壊力、莫大なエネルギー、幻覚作用
142,伝書鳩,使命、奉仕、勤労、環境への順応、安定した生活
143,巧みな馬乗り,優れた技術の習得、芸術的な創造力、自己表現、個性的
144,身だしなみが整っていない男性,問題解決の必要性、感情のコントロール、変化、分裂、別れ
145,砂漠を横切る大きなラクダ,一つのことへの集中、専門的な能力、知的な成長、粘り強さ
146,虹,新しい時代を手掛ける、変化、使命、自己実現
147,夜明け,希望の実現、多くのチャンス、芸術的な才能、文化
148,大きな木の枝にとまるたくさんの小鳥,可能性の目覚め、転換、集中、熱狂、危険、異常
149,人魚,迷い、悲しみ、無力、無意識、思考力の低下、幼児性
150,開封された手紙,幸運の共有、意見交換、教示、知識
151,男性の頭,観察力、洞察力、思考の発達、知的好奇心、新たな世界
152,掲げられた大きな白い十字架,トラブル、苦難、犠牲、試練、孤立、再生、再活性
153,2人の守護天使,プレッシャー、苦しい状況、守護の到来、新たな可能性
154,一緒に遊んでいるさまざまな国の子供たち,偏見の排除、強い連帯感、潜在的な可能性
155,妖精の夢を見る男性,想像力の発達、思考の実現、新たな考え、夢、祈り
156,メリーゴーランド,強い自我、自己中心的、能力の開発、新たな環境
157,ハレム,安定しているが退屈な生活、虚しさ、倦怠、待機、不安
158,初めてのダンスレッスン,コミュニケーションの難、情緒不安定、混乱、分裂、苦悩
159,未来派の絵を描く男性,独創性、個性、人気、チャンス、成功
160,影の向こうを覗く2つの頭,見たくない現実、裏切り、絶望、恐怖、動揺
161,母親の期待の型にはめられた息子,願望の実現、意識の現実化、特定の道、集中力
162,ベールをはずされた花嫁,秘密の露見、真実を知ること、苦難、落胆、神秘
163,政治ヒステリーを鎮静化する力強い手,社会的な権力、有力者からの援助、カリスマ性、克己心
164,家系図,家族愛、同族意識、仲間の連帯感、集団への帰属
165,見事な装飾のハンカチーフ,重大な方向転換、生きるための努力や戦い、強いプレッシャー
166,オランウータン,カルマ的な人間関係の対立、過去世の敵、厳しい状況
167,噴火している火山,意識的な破壊、清算、浄化、過去との決別、社会的地位の向上
168,ウィジャボード,高度な探求、専門技術、学問、神秘、占星術
169,水泳のレース,集団に属すること、組織の立ち上げ、社会的な行動
170,車のキャラバン隊,組織での仕事、社会制度、プレッシャー、不安、使命、責任
171,女子バスケットボールチーム,社会的な指導、リーダーシップ、協調性、誠実、純粋
172,王家の紋章,高い社会的地位、物質的満足、単調な生活、保護、空虚、退屈
173,動物の調教師,厳しい状況、苦しい決断、過去との決別、悲哀、別れ
174,メリーさんと白い子羊,狭い人間関係、精神的な重圧、苦労、試練、純粋、固執
175,半旗として掲げられた旗,社会的な認知、立場の確立、能力の進化、自己浄化
176,香炉を持つ少年,宗教、心霊現象、組織への参加、前向きな人生
177,お茶会に集う貴婦人たち,文化的、芸術、豪華、人気、幸運、裕福、チャンス
178,禿頭の男性,社会的義務の遂行、重い責任、地位を守ること、熱心、熱狂
179,読んでいる書類から秘密の知識を得る男性,自己実現、自己探求、目的への集中、才能の開花、霊的な成長
180,急ぎの仕事に集中していたために耳に入らなかった間違い電話,使命への全力集中、徹底的な追求、現実の直視、新境地
181,針に刺され完全な標本となった蝶,死、犠牲、過去との決別、方向転換、新たな世界
182,6番目の部族の光が7番目のものに変容する,新たな状況、義務の遂行、創造的な才能、考えの変容
183,新しい日の夜明け、全てが変わった,突発的な変化、ターニングポイント、新たなアイデンティティ
184,キャンプファイヤーを囲むグループ,家庭、趣味のグループ、親密な人間関係、熱中、熱心
185,真の内面的価値を教える男性,人生の目的、心の整理、組織との関わり、社会的な認知
186,男性の理想は十分に結晶化される,理想の実現、仕事への集中、強い意志、強引、悲しみ
187,鶏に餌を与え鷹から守る女性,絶望、苦悩、悲哀、別離、分裂、変化、霊的能力
188,廃屋の中で火が燃えている暖炉,保護、救いの手、癒し、新たな希望、再スタート
189,アートギャラリーに掛けられた3人の巨匠,指導者、リーダーシップ、献身、社会性、精神性
190,急流を通り抜けて安全な場所に辿り着いたカヌー,動揺の克服、挫折の乗り越え、方向転換、変化、行動
191,眼鏡越しにじっと見ている教授,啓蒙、指導者、リーダーシップ、エリート、社会的地位の向上
192,鉱山から出てくる炭鉱夫たち,深い知識、叡智、研究、技術、集中力
193,シャボン玉を吹いている子供たち,未来の計画、夢、幻想、想像力、理想と現実の乖離による不満
194,正午の昼寝,人間関係の衝突、ネガティブの切り替え、休養や娯楽の必要性
195,円形の道,安定した生活リズム、穏やか、退屈、変化に対する不安
196,押し流されて陸に上がったボート,傷心、苦悩、自我、極限の無意識、逆境での勇気
197,引退した船長,危機回避、有力者からの援助、困難の乗り越え、感謝の学び
198,逮捕された2人の男性,不運な結果、自己責任、人間関係のトラブル、忍耐
199,隠れている泥棒集団,反抗、反骨心、自由な振る舞い、強い願望、夢への逃避
200,ユダヤ人のラビ,遺伝的な才能、保守的な考え、社会的な成功、責任重大
201,海岸の群衆,大きな成功、人生の喜び、自己実現、エネルギッシュ
202,噴水で鳥に水をやる子供,失敗、挫折、苦悩、不安、心配、新たな道の渇望
203,おんどり,チャレンジ精神、方向転換、環境変化、社会的な認知、指導者の必要性
204,蝶の左側の3番目の羽,精神的な成長、恵まれた環境、価値観の変化、霊的能力
205,秋の葉の象徴が伝える情報,専門的な能力、特殊な技術、進歩的な考え、哲学
206,互いに入れ替わる鷹と大きな白い鳩,迷い、苦悩、精神的な弱さ、可能性の実現、経済的満足の獲得
207,頭上を飛んでいる飛行機,常識にとらわれない考え、新しい価値観、広い視野
208,明るくなる影響の最中にいる男性,周囲からの援助、霊的な力によるフォロー、危機や失敗の回避
209,世代間の知識に橋を架けようと模索する人類,知識の吸収、技術の習得、真理の追求、コミュニティへの帰属
210,哲学者の頭にある3つの知識のこぶ,深い知識、伝統的な知恵、研究、探求、学習、専門領域
211,観光バス,広い世界を目指す、社会的な使命、可能性の実現
212,割れたビンとこぼれた香水,過去との決別、過去への哀愁、悲しみ、カルマ
213,上棟式,コミュニティへの帰属、協力、調和、連帯感、順応性
214,火のついたろうそくを運ぶ若者,象徴性、儀式、宗教、文化、教育、精神世界
215,頑丈で大きな岩場の海岸,長期的な忍耐、厳しい状況、現実の壁、立場の喪失
216,ゴールドラッシュ,ワガママによる別離、故郷を捨てる、ネガティブ思考、自己防衛
217,深海の潜水夫,深層心理、潜在意識、スピリチュアルな世界の探求、表現者
218,湖面を横切って輝く月,心の静寂、瞑想、想像力、発想力、霊感、満足な生活
219,歯科医の仕事,一時的な苦悩、否定的な事柄、緊張、不運
220,親睦を深める夕食会,結束力、連帯感、リーダーシップ、プレッシャー、理想の実現
221,救助される溺れた男性,他者からの援助、コミュニティ参加の必要性、自己革新、精神世界の探求
222,大使館の舞踏会,社会的な成功、人気、飛躍、地位の獲得、エリート
223,実験をしている発明家,自己実現への努力、優れた発想力、プレッシャーの克服
224,仕事中の電話線作業員,マスコミ、芸能、社交、娯楽、成功、人々に対する励まし
225,5つの砂山の周りで遊ぶ子供たち,優れた思考力、自由自在、特定の目標、立場の放棄
226,破顔一笑する少女,優しさ、包容力、内面の成長、能力の発達、仕事の成功
227,自分自身の子供の父である女性,霊的な導き、高次元な思考、方向転換、新たな世界、決断、集中
228,秋に色づいた豪華な森,完成後の転換、変化による成長、チャンスの獲得、能力の発揮
229,聞いた会話を喋るオウム,知識、教育、情報、伝達、変化、新たなチャンス
230,2つの暗い色のカーテンを引いて開ける女性,幸福、成功、名声、自己確立、精神世界、未知の世界
231,職務を放棄した兵士,破壊、再生、放棄、反抗、革命、方向転換、プレッシャー
232,アヒルに向かって進み出るハンターたち,社会的認知、社会的地位、リーダーシップ、責任、成功
233,妖精に変身するウサギ,感性の発達、繊細な感覚、精神世界、芸術、芸能、技術
234,1人の男性の話を聞くために山から降りてきた群集,環境変化、考え方の刷新、社会的な努力、生きるための戦い、プレッシャー
235,レントゲン写真,専門知識の習得、正常な思考、安定した生活、退屈、倦怠
236,引っ越してキャンプをつくっているインディアンたち,突然の環境変化、試される適応力、社会的な役割や責任
237,行進する軍楽隊,文化、芸術、芸能、水商売、華麗な生活
238,自分の領土に近づく妖精の王,忠誠心、熱意、傾倒、集中力、プレッシャー、心霊的な危険
239,酋長に自分の子供たちの命乞いをするインディアンの女性,深い悲しみ、究極の愛、生命エネルギー、スピリチュアルな世界
240,ハロウィンのおふざけ,自由への渇望、緊張からの解放、組織からの離脱、くだらない遊び
241,偉大な軍隊のキャンプファイヤー,サバイバル能力、変化への対応、新たな世界、上昇志向
242,白波で覆われた大洋,行動力、集中力、多忙、変化、プレッシャー、リズミカル
243,チェスをする2人の男性,人間関係の悪化、衝突、苦悩、悲哀、葛藤、カルマ
244,歩く練習をする小さな子供,心理的な問題の解決、感傷の乗り越え、コンプレックスの克服、精神世界
245,木の高いところにいる年老いたフクロウ,思考、戦略、評論、哲学、能力開発、孤独、望まぬ変化
246,クリケットの試合,人間関係のしがらみ、限られた環境、自由の必要性、能力の発揮
247,心のドアをノックするキューピッド,ロマンチックな恋愛、幸運、成功、芸術、精神世界
248,岩とその内部で形成されているもの,危険な状況、苦悩、争い、分裂、暴力、心霊
249,階段にいる子連れの母親,援助の必要性、問題解決への集中、可能性への挑戦
250,金髪の幸運の女神,努力の報酬、願望の成就、成功、発展、人気、強運
251,寺院の左側にある物質的な悟りをもたらすランプ,逞しい身体、行動力、エネルギー、チャンス、スポーツ、自然
252,鳴き声を上げる鷲に変化する旗,新時代の開拓、新しい生活、方向転換、タフな精神
253,明るみに出る未亡人の過去,過去の償い、カルマの解消、アイデンティティの確立
254,ピラミッドとスフィンクス,家族の絆、家族愛、深い叡智、霊的能力
255,自分の影を探すグランドホッグ,変化、波乱万丈、可能性、新たな展開、援助を受ける
256,船を見ているカモメ,膠着状態、拘束、不自由、忍耐、情緒不安定
257,復活祭の日の出の礼拝,復活、再生、地位の上昇、組織での活躍、プレッシャー
258,日除け帽子をかぶっている小さな子供たち,自己防衛、学習、研究、技術習得、信念、集中力
259,住処を移動するペンギンたち,サバイバル、生活のための努力、変化への対応、移動、移転、転職
260,氷を切り出す男性たち,長期的な忍耐、大きな努力、退屈な生活、わずかな希望
261,借りた眼鏡をかけている子供と犬,本質的な理解、模倣による学習、精神的リーダーシップ、破壊的な衝動
262,中国人が営むクリーニング店,苦しい精神状態、逆境、孤独、忍耐、つまらない生活
263,移民の入国,新生活、創造力、過去との決別、環境変化による好転
264,家のドアにとまっている青い鳥,幸運な人生、多くのチャンス、精神的満足の欠如
265,おもちゃの馬に跨った少し太った少年,豊かなエネルギー、新しい力、創造力、社会性、芸術、霊感
266,旗手,理想主義、努力、冷たい現実、周囲との不一致
267,彫刻家,芸術的な創造力、仕事への集中力、チャンス、発展
268,美しい渓流に架けられた古い橋,経済的な問題、社会的な責任、精神的な満足、稀有な才能
269,芝を刈っている太った少年,安定した生活、堅実、謙虚、創造力、思考力
270,法王,人気、脚光、スター性、能力の発展、社会的な成功
271,認識を求めるインディアンの酋長,社会的リーダーシップ、社会的責任、大きなプレッシャー、指導力、カルマ
272,3つのステンドグラスの窓のうち、1つは爆撃で破壊されている,社会的なプレッシャー、経済的な課題、過去との決別、トラブルの対処
273,成長と理解に対して受容的な人間の魂,強い自己主張、地位の確立、孤独、人間関係の不和、精神的な苦悩
274,大きなカヌーに乗り込む一団,厳しい現実、人間関係の不和、流動的な状況、新たな展開
275,カヌーを漕ぎ、戦いの踊りを踊るインディアン,熱意、信仰、夢中、強引さ、環境との不調和、新しい状況
276,暗いアーチ状の道と下に横たわっている10本の丸太,不安の乗り越え、失敗の克服、完結した経験、方向転換、新しい道
277,ベールに包まれた力のある予言者,霊的、求道、信仰、試練、抑圧、別離、再出発、リーダーシップ
278,幸せそうに歌う家の中の鳥,満足できる環境、苦労の後の安定、保護、幸せ、チャンス
279,ハープを運ぶ天使,変化、流動的、強い信念、リーダーシップ、社会的な活躍
280,手から餌をもらうアホウドリ,自己信頼、不安の克服、願望の実現、挫折と方向転換
281,キジの大きな群れ,社会的な飛躍、上昇意欲、自己確立、リーダーシップ、失脚
282,自然の講義を受ける生徒,研究、探求、学習、調査、知識、知恵、集中力
283,火の崇拝者,大きな苦悩、極限的な状況、厳しいカルマ、絶望、死
284,御影石に刻まれた古代のレリーフ,古典的な文化や芸能、継承、娯楽、遊び、名声、不合理
285,病院の小児病棟にあるたくさんのおもちゃ,経済的利益の追求、援助、チャンス、戦い、プレッシャー
286,体操着の少年少女,スポーツ、身体、労働、鍛錬、行動力
287,人知れず入浴する少女,自由への逃避、集団からの離脱、一線を超える、自己表現
288,イギリスの国旗,人間関係、政治的、古い価値観、一般的な生活、打算
289,大きな買い物袋を持った5歳くらいの子供,チャンス、成功、社会的な認知、自己実現、未知の世界、結婚
290,歌っている隠れた合唱団,社会的な成功、幸せな家庭、何不自由ない人生、霊的な価値観
291,リレー競争,成功、急上昇、猪突猛進、能力の発揮、争い、政治的
292,敗北を優雅に受け入れる将軍,挫折、失敗、衝突、分裂、精神力の必要性
293,戦場での勇敢さに与えられた2つの賞,社会的な認知、成功、才能、チャンス、仕事中心、自己確立
294,修道院に入る女性,精神的な苦悩、家族への依存、狭い環境、孤独に対する恐怖
295,東洋の織物を扱う商人,能力の発揮、才能の活用、専門性による有利さ
296,水の妖精,情緒不安定の克服、物質的な豊かさ、法則の発見、無意識のカルマ
297,山の巡礼,社会的な上昇、精神的な成長、カルマの清算、和解
298,大きな鳥小屋,失敗、挫折、動揺、混乱、幻覚、心霊的な関心と危険
299,紅茶占いをしている女性,知的能力、理解力、判断力、洞察力、直感力、霊的能力
300,秘密の商談,社会的な権力、重要な役割、自己実現、管理能力、保守的
301,古いレンガ造りの伝道所,使命、義務、責任、苦悩、裏切り、別離、忍耐、自己犠牲
302,予期せぬ雷雨,カルマによる出来事、危機、受難、過去との決別、未知の世界
303,海軍からの脱走兵,背負いきれないプレッシャー、立場の放棄、忍耐、逆境
304,インドの治療者,求道、信仰、宗教、心理学、精神世界、自己探求
305,先祖たちの委員会,厳しい現実、立場の喪失、生活の変化、失業、離婚、新たな方向性
306,ミステリー劇の出演者,仕事の目標の実現、生きるための戦い、プレッシャー、堅実な生活
307,卵から産まれた子供,精神的な成長、エゴからの脱却、求道、悟り、芸術的な才能
308,美しい衣装に身を包んだ蝋人形,中心的存在、オピニオンリーダー、人気、成功
309,鷲に変化する旗,危機、破壊、強いプレッシャー、戦い、行動、新たな価値観
310,一時的なものと証明された人気,精神的な危機、弱点、失敗、挫折、現実逃避
311,自分のインスピレーションと向き合う男性,願望の実現、熱心、夢中、チャンス、霊的な交流
312,階段で上へと順に並んでいる人々,意見の相違、人間関係の不和、エゴの理解、社会的な上昇
313,バロメーター,価値観の変化、危機の乗り越え、方向転換、先見性、計画力、指導力
314,トンネルに入る列車,チャンス、成功、人脈、コミュニケーション能力、マスコミ、芸能関係
315,フェンスの上にとまっている2羽のラブバード,素晴らしいパートナー、良好な人間関係、幸せな生活
316,机で仕事をしている偉大なビジネスマン,大きな仕事、仕事熱心、自己実現、プレッシャー、不満、失敗のリスク
317,見張っている番犬,自由の制限、義務の遂行、圧迫、忍耐、犠牲、価値観の変化
318,仮面をはがされた男性,潜在的な願望、真の目的の発見、自己革命、情熱、専門知識の習得
319,鎮火された山火事,トラブル、プレッシャー、破壊的、立場の喪失、逆境、援助、カルマ
320,大きな白い鳩、メッセージの使者,成功、有名、人気、愛情、安定、幸福、霊的な至福
321,失望し、幻滅した女性,破壊的な状況、人間関係の不和、緊張、変化、苦悩、不安、生き直し
322,子供たちが遊ぶために床に敷かれた織物,他者からの理解、支持や援助を受ける、社会的な上昇、有名
323,座って手足を振っている大きな熊,訓練、修行、集中力、緊張感、厳しい状況、アスリート、技術者、表現者
324,情熱に背を向け、経験によって教える男性,別離、悲哀、苦悩、絶望、感情の超越、変化への対応、新たな状況
325,右の羽がより完璧に形成されている蝶,思考力、弱さの克服、過去との決別、常識的、安定した生活
326,浮き秤,科学技術、専門知識、時代の先端、満足できる環境
327,スミレでいっぱいの古代の陶器,高度な感性、繊細さ、華やかさ、美、芸術、芸能、有名
328,倒されノコギリで切られた木,生きるための努力、収入のための妥協、処世術、カルマ
329,さなぎから出てくる蝶,自己脱皮、精神的な成長、悲しみの乗り越え、運命的な変化
330,アーダスが咲いている野原,仕事の完成、十分な実績、新たな目的、ターニングポイント、幸運、チャンス
331,公共の市場,ビジネスの適性、商才、交流、金銭の追求、知的好奇心
332,ハンターから隠れているリス,失敗、苦悩、プレッシャー、忍耐、競争社会、方向転換
333,化石化した森,強烈なプレッシャー、方向転換、立場の放棄、自己防衛
334,狭い地峡での交通渋滞,複雑な社会生活、多忙、経験、自己実現、大きな可能性
335,教会のバザー,経済的な豊かさ、利益の追求、ビジネス適性、専門的な能力
336,正装で行進している将校たち,集団、組織、環境との調和、自我の抑制、安定した生活
337,岩の上に横たわっている十字架,殻に閉じこもる、強い信念、頑固、強情、孤立、倦怠
338,ラッパを吹く少女,別離、分裂、挫折、緊張、啓蒙、リスクへの備え、心霊的な危険
339,騎手,成功、チャンス、才能、独創性、行動力、自己実現
340,雲の上の飛行家,恵まれた才能、思考力、体力、精神力、エネルギッシュ
341,光を探し求める男性たち,テーマの発見と追求、一直線に進む、自己の願望
342,入会のための試験,ある程度の地位、地味な生活、ネガティブ体験の克服
343,博物館にある剣,リーダーシップ、カリスマ、逆境での強さ、社会的な地位と役割
344,狐の毛皮に身を包まれた女性,自己防衛、巧妙な戦略、優れた知恵、仲間思い
345,部下の訓練の準備をしている将校,激しい圧力、攻撃を受ける、暴力、事故、方向転換
346,霊感に満ちた流れ,芯の強さ、信念を貫く、忍耐、行動、カルマ的な妨害
347,復活祭の歩道,社会的な上昇、貴重な経験、過去との決別、自己確立
348,巨大なテント,能力の発展、技術の探求、説得力、集中力
349,弟子を指導する巨匠,指導者、高いアイデンティティ、立場の確立、安定した人生
350,夕食のために準備されたテーブル,安定志向、単調な生活、倦怠、忍耐、家族との絆
351,小さな白い羊と子供と中国人の使用人,純粋さ、創造力、思考力、孤独、抑圧、活躍、社会的リーダーシップ
352,シナイ山から新しい法則を携えて下りてくる男性,一般的な生活、精神的な成長、物質的な豊かさ、保護、退屈
353,心霊現象,霊能力、直感力、幻惑、裏切り、別れ、新たな状況
354,人が住んでいる島,相互依存、狭い環境、家族中心、集中力、単調
355,聖職者の追放,厳しいカルマ、浄化、理想主義、集中力、社会的な認知
356,影響を分ける新月,愛情問題の克服、人間関係の変化への対応、進路決定
357,収穫月,一時的な幸運、チャンス、文化、芸術、創作、自己確立
358,満月の下の肥沃な庭,社会的な責任、仕事の苦悩、プレッシャー、金銭的な問題、新たな生活
359,プリズム,使命の発見、人間関係の不和、分裂、自由、新たな方向性
360,巨大な顔の石像,明確な目標、自己の原点の追求、能力の発揮、死の時の光明
